排名靠前的网页,点击次数,展示,点击率,排名
https://www.tryutils.com/en/blog/imagecompression/browser-image-compression-libraries,35,15198,0.23%,7.23
https://www.tryutils.com/blog/heicconverter/heic-technical-guide,13,265,4.91%,8.94
https://www.tryutils.com/blog/imagecompression/canvas-image-compression-techniques.en,12,1222,0.98%,7.81
https://www.tryutils.com/en/blog/imagecompression/browser-image-compression-libraries.en,8,786,1.02%,10.32
https://www.tryutils.com/blog/imagecompression/browser-image-compression-libraries,6,325,1.85%,13.51
https://www.tryutils.com/blog/imagecompression/image-compression-fundamentals,3,399,0.75%,23
https://www.tryutils.com/blog/heicconverter/heic-technical-guide.en,3,96,3.12%,7.04
https://www.tryutils.com/,3,30,10%,4
https://www.tryutils.com/blog/heicconverter/heic-vs-jpg-png-comparison.en,2,1531,0.13%,10.42
https://www.tryutils.com/blog/imagecompression/browser-image-compression-libraries.en,2,1088,0.18%,12.61
https://www.tryutils.com/en/blog/heicconverter/heic-vs-jpg-png-comparison.en,2,1070,0.19%,8.62
https://www.tryutils.com/en/blog/imagecompression/image-compression-fundamentals,2,714,0.28%,43.53
https://www.tryutils.com/blog/heicconverter/heic-vs-jpg-png-comparison,2,389,0.51%,10.17
https://www.tryutils.com/heic-converter,2,155,1.29%,18.16
https://www.tryutils.com/en/blog/heicconverter/heic-technical-guide,2,145,1.38%,7.86
https://www.tryutils.com/en/blog/imagecompression/canvas-image-compression-techniques.en,2,35,5.71%,7.51
https://www.tryutils.com/blog/heicconverter/how-to-convert-heic-to-jpg.en,1,2560,0.04%,57.93
https://www.tryutils.com/en/blog/heicconverter/how-to-convert-heic-to-jpg,1,1455,0.07%,27.02
https://www.tryutils.com/blog/heicconverter/what-is-heic-format.en,1,1369,0.07%,58.85
https://www.tryutils.com/en/blog/markdownpreview/markdown-editors-comparison,1,160,0.62%,10.8
https://www.tryutils.com/blog/markdownpreview/markdown-editors-comparison,1,122,0.82%,8.73
https://www.tryutils.com/en/blog/imagecompression/image-compression-fundamentals.en,1,60,1.67%,38.48
https://www.tryutils.com/blog/imagecompression/canvas-image-compression-techniques,1,28,3.57%,10.21
https://www.tryutils.com/en/blog/markdownpreview/markdown-technical-documentation,1,16,6.25%,7
https://www.tryutils.com/about,1,14,7.14%,4.14
https://www.tryutils.com/contact,1,13,7.69%,4.46
https://www.tryutils.com/en,1,10,10%,10
https://www.tryutils.com/en/blog/heicconverter/what-is-heic-format,0,1730,0%,73.07
https://www.tryutils.com/en/blog/heicconverter/how-to-convert-heic-to-jpg.en,0,796,0%,72.16
https://www.tryutils.com/en/blog/imagecompression/canvas-image-compression-techniques,0,456,0%,9.65
https://www.tryutils.com/en/blog/heicconverter/what-is-heic-format.en,0,444,0%,47.52
https://www.tryutils.com/blog/heicconverter/what-is-heic-format,0,391,0%,23.58
https://www.tryutils.com/blog/heicconverter/heic-troubleshooting-guide,0,292,0%,11.33
https://www.tryutils.com/en/blog/urlcodec/url-encoding-explained,0,223,0%,13.38
https://www.tryutils.com/blog/heicconverter/how-to-convert-heic-to-jpg,0,202,0%,34.11
https://www.tryutils.com/en/blog/jsonformatter/json-vs-xml-yaml-comparison,0,197,0%,9.57
https://www.tryutils.com/blog/base64codec/base64-security-myths.en,0,126,0%,6.55
https://www.tryutils.com/en/blog/imagecompression/web-image-compression-best-practices.en,0,101,0%,6.74
https://www.tryutils.com/blog/formatconverter/common-format-conversion-guide.en,0,65,0%,9.62
https://www.tryutils.com/blog/heicconverter/batch-convert-heic-tips,0,56,0%,14.32
https://www.tryutils.com/blog/heicconverter/batch-convert-heic-tips.en,0,55,0%,9.93
https://www.tryutils.com/en/blog/imageprocessor/modern-image-tools-comparison.en,0,47,0%,14.96
https://www.tryutils.com/image-compressor,0,42,0%,17.5
https://www.tryutils.com/en/image-format-converter,0,40,0%,7.15
https://www.tryutils.com/image-format-converter,0,32,0%,15.09
https://www.tryutils.com/qr-code-generator,0,29,0%,17.79
https://www.tryutils.com/en/blog,0,26,0%,4.73
https://www.tryutils.com/en/image-compressor,0,24,0%,7.21
https://www.tryutils.com/blog/imagecompression/web-image-compression-best-practices,0,24,0%,8.62
https://www.tryutils.com/en/blog/imageprocessor/batch-image-processing-best-practices.en,0,24,0%,9.08
https://www.tryutils.com/blog,0,20,0%,11.75
https://www.tryutils.com/blog/markdownpreview/markdown-technical-documentation,0,19,0%,6.79
https://www.tryutils.com/blog/jsonformatter/json-vs-xml-yaml-comparison,0,19,0%,20.58
https://www.tryutils.com/blog/formatconverter/format-conversion-troubleshooting,0,18,0%,6.67
https://www.tryutils.com/en/qr-code-generator,0,17,0%,5.41
https://www.tryutils.com/blog/urlcodec/url-encoding-explained,0,16,0%,7.69
https://www.tryutils.com/en/blog/formatconverter/format-conversion-basics,0,15,0%,5.6
https://www.tryutils.com/blog/formatconverter/format-conversion-best-practices,0,15,0%,11.8
https://www.tryutils.com/blog/formatconverter/batch-format-conversion-tips.en,0,14,0%,17.43
https://www.tryutils.com/en/blog/imageprocessor/image-format-conversion-guide.en,0,13,0%,7.85
https://www.tryutils.com/blog/imagecompression/image-compression-fundamentals.en,0,13,0%,27.31
https://www.tryutils.com/en/blog/formatconverter/common-format-conversion-guide,0,11,0%,7.55
https://www.tryutils.com/privacy,0,10,0%,4.4
https://www.tryutils.com/en/about,0,9,0%,3
https://www.tryutils.com/blog/colorconverter/web-color-best-practices.en,0,9,0%,8.56
https://www.tryutils.com/en/blog/colorconverter/web-color-best-practices.en,0,9,0%,8.56
https://www.tryutils.com/markdown-preview,0,8,0%,19.62
https://www.tryutils.com/en/blog/textdiff/text-diff-getting-started,0,7,0%,5
https://www.tryutils.com/en/blog/imagecompression/real-world-image-compression-cases.en,0,7,0%,7.57
https://www.tryutils.com/image-tools,0,7,0%,9.86
https://www.tryutils.com/en/heic-converter,0,7,0%,10.14
https://www.tryutils.com/en/contact,0,6,0%,5.33
https://www.tryutils.com/en/blog/heicconverter/batch-convert-heic-tips.en,0,6,0%,15.83
https://www.tryutils.com/blog/formatconverter/format-conversion-basics,0,5,0%,13
https://www.tryutils.com/blog/imageprocessor/modern-image-tools-comparison,0,4,0%,2.5
https://www.tryutils.com/blog/base64codec/base64-encoding-explained,0,4,0%,7.25
https://www.tryutils.com/url-codec,0,4,0%,7.25
https://www.tryutils.com/blog/formatconverter/common-format-conversion-guide,0,4,0%,16.75
https://www.tryutils.com/en/blog/heicconverter/heic-vs-jpg-png-comparison,0,3,0%,7.33
https://www.tryutils.com/en/privacy,0,3,0%,7.67
https://www.tryutils.com/en/blog/base64codec/image-to-base64-tips.en,0,3,0%,8
https://www.tryutils.com/en/blog/markdownpreview/markdown-complete-guide,0,3,0%,8
https://www.tryutils.com/blog/markdownpreview/markdown-complete-guide,0,3,0%,9
https://www.tryutils.com/blog/base64codec/image-to-base64-tips.en,0,3,0%,17.67
https://www.tryutils.com/en/blog/imageprocessor/image-processing-complete-guide.en,0,3,0%,24.33
https://www.tryutils.com/blog/formatconverter/format-conversion-best-practices.en,0,2,0%,2
https://www.tryutils.com/en/blog/textdiff/text-diff-practical-use-cases,0,2,0%,5.5
https://www.tryutils.com/en/blog/formatconverter/batch-format-conversion-tips.en,0,2,0%,7.5
https://www.tryutils.com/en/blog/imageprocessor/web-image-performance-optimization.en,0,2,0%,7.5
https://www.tryutils.com/blog/textdiff/text-diff-practical-use-cases,0,2,0%,8
https://www.tryutils.com/dev-tools,0,2,0%,8
https://www.tryutils.com/blog/Base64Codec/how-to-base64-online,0,2,0%,9
https://www.tryutils.com/blog/imageprocessor/image-format-conversion-guide,0,2,0%,9
https://www.tryutils.com/blog/imageprocessor/batch-image-processing-best-practices.en,0,1,0%,1
https://www.tryutils.com/en/image-processor,0,1,0%,1
https://www.tryutils.com/blog/imageprocessor/web-image-performance-optimization,0,1,0%,2
https://www.tryutils.com/blog/imagecompression/real-world-image-compression-cases.en,0,1,0%,4
https://www.tryutils.com/en/url-codec,0,1,0%,4
https://www.tryutils.com/blog/base64codec/image-to-base64-tips,0,1,0%,9
https://www.tryutils.com/blog/formatconverter/batch-format-conversion-tips,0,1,0%,9
https://www.tryutils.com/blog/textdiff/text-diff-practical-use-cases.en,0,1,0%,58